<?xml version="1.0" encoding="UTF-8"?>
<beans      xmlns="http://www.springframework.org/schema/beans"  
    xmlns:xsi="http://www.w3.org/2001/XMLSchema-instance"  
    xmlns:p="http://www.springframework.org/schema/p"  
    xsi:schemaLocation="http://www.springframework.org/schema/beans  
                http://www.springframework.org/schema/beans/spring-beans-3.0.xsd">  
 <bean id="a1" class="scs.Dept">  
<constructor-arg value="10" type="int"></constructor-arg>  
<constructor-arg value="IT" type="String"></constructor-arg>  
 
</bean>   
<bean id="e" class="scs.Employee">  
<constructor-arg value="10" type="int"></constructor-arg>  
<constructor-arg value="ramaswami" type="String"></constructor-arg>  
<constructor-arg>  
<ref bean="a1"/>  
</constructor-arg>  
</bean>  
</beans>  